Epoch,Test Loss,Test Accuracy
1,1.5269420288085938,44.38,40.99345374107361,40.99345374107361
