Epoch,Test Loss,Test Accuracy
1,1.4964769775390625,45.44,43.738698959350586,43.738698959350586
